file_name,video,cluster,outlier_score,pca_x,pca_y,brightness,contrast,log_sharpness
vid_000250_frame0000008.jpg,vid_000250,3,0.6003566179940786,15.353615570653483,0.1825720248270063,0.09778038761801017,0.1805722427093923,7.770840244266022
vid_000250_frame0000076.jpg,vid_000250,3,0.5827971510240505,14.20736479984175,-0.5464220576178619,0.069008691902687,0.1450471960363837,7.768108634659364
vid_000250_frame0000001.jpg,vid_000250,3,0.5815631633911795,14.781930039006175,-1.4675175614697253,0.06430530591866375,0.14288175527247265,7.661018257212437
vid_000122_frame0000087.jpg,vid_000122,3,0.5405618773292721,3.9741810838282814,3.813582417910105,0.40151582546598885,0.2900796145816569,8.286574912521633
vid_000143_frame0000045.jpg,vid_000143,2,0.5378070587165168,2.238367260452019,9.768863678829995,0.3101104151537158,0.22546140116926963,8.193933337795077
vid_000251_frame0000025.jpg,vid_000251,3,0.5290865463981484,6.868421679684218,0.5606143078193957,0.17593262073347857,0.15561101801036667,7.57228524458517
vid_000107_frame0000014.jpg,vid_000107,2,0.518744414356667,3.245733954248925,7.8175008467351095,0.19459767610748002,0.1506333938999165,7.367827212631226
vid_000126_frame0000001.jpg,vid_000126,2,0.5183302741027973,1.001613737067006,8.357461230849168,0.3151462720890825,0.1833540664145767,8.046900419279885
vid_000144_frame0000051.jpg,vid_000144,4,0.5104920582388836,3.4496748211167754,7.494648544395393,0.39287224642943597,0.07722917994037454,7.801250209643667
vid_000139_frame0000006.jpg,vid_000139,0,0.5059815807635712,3.369520048866825,5.700833491220715,0.4763554526748971,0.14263528301986345,7.8508793594909365
vid_000107_frame0000007.jpg,vid_000107,2,0.5049229514520732,3.3552133678951397,5.953542965496534,0.1811671205519245,0.14372649512353167,7.402051159660062
vid_000144_frame0000001.jpg,vid_000144,4,0.502386660755643,3.6928366318540475,8.474948224459798,0.4188672839506173,0.15052419716967763,7.584768591261161
vid_000141_frame0000001.jpg,vid_000141,4,0.50122352385307,2.9902792546016217,7.13154954269762,0.4009724945533769,0.18817568102530066,7.837371202910238
vid_000107_frame0000003.jpg,vid_000107,2,0.49899174884818487,3.311736887229189,5.864335454036891,0.18051906318082786,0.14339808553696992,7.374998235632989
vid_000126_frame0000006.jpg,vid_000126,2,0.4958979870866533,0.8666819117600792,8.03890260794236,0.3160593681917211,0.1691691332057633,8.04380055661221
vid_000247_frame0000006.jpg,vid_000247,2,0.4894673541909086,-0.8669076394094448,6.061607599762389,0.5792803649237473,0.20903640454084083,7.06923649743096
vid_000143_frame0000059.jpg,vid_000143,2,0.487646458213491,1.4359292719998644,6.591925622411413,0.35424748850157345,0.23385656848480466,8.090165431820475
vid_000247_frame0000012.jpg,vid_000247,2,0.48615489820446545,-0.9131927818447992,7.21033568417748,0.5933734340958606,0.17839479680390363,7.190826060565664
vid_000138_frame0000031.jpg,vid_000138,2,0.4820929743702423,1.0946546426492096,5.856413585947965,0.37319090413943357,0.30044210869656124,7.558616835202038
vid_000315_frame0000015.jpg,vid_000315,0,0.47896224501408785,0.008780133389190007,3.027458510820639,0.588421568627451,0.31572128715453424,7.008732379757041
vid_000321_frame0000020.jpg,vid_000321,2,0.4754898266619037,0.2203768072497651,6.80638939539892,0.24399273783587508,0.1277418540435389,7.985869616646912
vid_000286_frame0000001.jpg,vid_000286,3,0.47119208830582515,8.758738721048985,-2.804534331431101,0.11671534586056645,0.12387603128673802,7.4357152908798065
vid_000144_frame0000031.jpg,vid_000144,4,0.4707333534174762,2.574512890376858,5.298881469423716,0.40450786734446864,0.07949895035586031,7.689592088407108
vid_000308_frame0000014.jpg,vid_000308,3,0.47056424477373676,7.037433623047773,-2.3502307448265665,0.12991153776325345,0.11600223317277376,7.5193265348957725
vid_000308_frame0000021.jpg,vid_000308,3,0.46436940190560666,6.374850090015669,-2.0082506686511508,0.16088761801016702,0.13834143615046843,7.43229812142957
vid_000271_frame0000044.jpg,vid_000271,2,0.46356673257233744,-0.8501753023694448,1.4549053483035455,0.6570581427015251,0.14239614968287512,6.685973085664644
vid_000122_frame0000004.jpg,vid_000122,1,0.4602305903197968,1.539730282290266,0.8953899295478307,0.46079774872912127,0.29079529255860653,8.21152419842027
vid_000531_frame0000022.jpg,vid_000531,0,0.45489325894929006,1.0396562484709873,5.053188165810538,0.4709289215686275,0.20899457619720319,8.572307776947612
vid_000286_frame0000006.jpg,vid_000286,3,0.4530273325566319,7.318636461012581,-2.376787637052802,0.1459271741103849,0.131603203562003,7.420402212025128
vid_000234_frame0000062.jpg,vid_000234,2,0.45207421274719417,2.8060927777773745,4.430555113245751,0.2247485929557008,0.16051910302778175,7.476900096400017
vid_000308_frame0000010.jpg,vid_000308,3,0.4493417009448744,5.6901465704965,-1.8595266191240973,0.13751990286855484,0.12580060086319345,7.587798068913739
vid_000101_frame0000001.jpg,vid_000101,1,0.44838673262990175,1.2831639106254038,-1.1215949256695372,0.646829883805374,0.14033569651000583,7.294121011673858
vid_000276_frame0000021.jpg,vid_000276,3,0.44764230335194044,5.77067844067496,-0.8530854613090962,0.1363329248366013,0.13675386968538455,7.489134918321239
vid_000286_frame0000021.jpg,vid_000286,3,0.4461629214296319,6.93990341181545,-2.431696364020483,0.13481853667392882,0.11871762006705873,7.41957989494433
vid_000309_frame0000038.jpg,vid_000309,3,0.44532701957940873,4.8673592402638794,0.9261910637634874,0.21279804375453884,0.19454164443228628,7.497439559367755
vid_000108_frame0000024.jpg,vid_000108,3,0.442708048369905,2.968800168931102,2.7622634417230834,0.31599126270878725,0.23491236862428802,7.178577966887839
vid_000438_frame0000001.jpg,vid_000438,3,0.44215849111674,6.163751019679137,-2.1240062855785564,0.08274189814814814,0.10443008859166321,7.642603932261932
vid_000162_frame0000001.jpg,vid_000162,2,0.43981205006038304,-0.36304665832878436,5.654722424796125,0.3283675260227548,0.2972643768436513,7.951358043601226
vid_000286_frame0000016.jpg,vid_000286,3,0.4397061219956433,6.463620672061119,-2.2336319668471427,0.15570336328976034,0.1278270684001565,7.349114895731845
vid_000109_frame0000026.jpg,vid_000109,3,0.4391046303480241,3.742210673698414,1.6706999136326561,0.182458401416122,0.1827563729977388,7.580377628382292
vid_000242_frame0000010.jpg,vid_000242,2,0.4389826279757489,-0.9723437657854982,6.05460785881813,0.659811660312273,0.08220983965379472,6.556570974767912
vid_000422_frame0000015.jpg,vid_000422,3,0.4365053216764447,3.3415264004623615,4.154446344495693,0.31178140885984024,0.2150075867383293,5.649007513570407
vid_000234_frame0000011.jpg,vid_000234,2,0.43585659456182363,2.2252200104634645,2.968035924186742,0.21276672567175017,0.15206494171058654,7.442364255273913
vid_000438_frame0000058.jpg,vid_000438,3,0.43419286244174166,5.887984112637722,-2.0330481270958467,0.09032066993464052,0.09814726325445397,7.657803078974117
vid_000082_frame0000010.jpg,vid_000082,0,0.43409809916813624,0.22244428410871483,2.726886760526982,0.27883233478576613,0.1624840925249011,8.063333215236593
vid_000109_frame0000034.jpg,vid_000109,3,0.4340570959726827,3.3801270325521457,1.6497493121768032,0.17393647875816995,0.18008864366981295,7.6136377926561405
vid_000438_frame0000014.jpg,vid_000438,3,0.433818156182832,5.663975547180687,-2.3217784214145234,0.07987515885984023,0.10046364168984258,7.608891447440548
vid_000321_frame0000003.jpg,vid_000321,2,0.43378884469264417,-0.378724949671292,4.699473760330327,0.2375718954248366,0.11087778011811901,7.97738517526918
vid_000241_frame0000007.jpg,vid_000241,0,0.4330166013717176,1.1451922868935827,0.8012488164559876,0.5164217501815541,0.3390870922104597,6.668594888496038
vid_000143_frame0000030.jpg,vid_000143,0,0.4316639031085275,0.6986329582868497,4.8227315832365205,0.37450456911159524,0.1951010048107126,8.039068604322024
vid_000101_frame0000003.jpg,vid_000101,1,0.42965476987686124,0.646394516860276,-0.8883240537127509,0.6691659707092713,0.13917145252742702,7.242335309496141
vid_000276_frame0000025.jpg,vid_000276,3,0.42892092132908943,5.417866331041166,-0.7189881529817682,0.14007078340595497,0.14039671469145149,7.544299348933757
vid_000433_frame0000012.jpg,vid_000433,2,0.427984176588041,0.36863248096489376,4.315460063925336,0.43551062091503273,0.08684487642685029,5.285680033371902
vid_000430_frame0000009.jpg,vid_000430,1,0.42748280897563523,0.6083059217432443,-3.0316110537379632,0.5740002496368918,0.12437157829647058,5.268853163447277
vid_000108_frame0000031.jpg,vid_000108,3,0.42634377909916965,2.64012056338175,2.2269252068377474,0.31108301561365287,0.23476140041284646,7.205858281246231
vid_000101_frame0000013.jpg,vid_000101,0,0.42554281847654274,-3.2567691329444477,1.6521154418492934,0.8567193476155894,0.12081958033041534,6.822589138672916
vid_000254_frame0000011.jpg,vid_000254,2,0.42513838154060707,-1.758228317026459,3.9093201366670995,0.6394903776325345,0.09387746988834787,6.483379332415614
vid_000105_frame0000011.jpg,vid_000105,3,0.42238958451922487,2.175727461495418,2.253442763798778,0.2274936002178649,0.16779163288593962,7.334090527067212
vid_000443_frame0000039.jpg,vid_000443,3,0.4218275253050534,3.054081803380694,2.7814199146204817,0.2851915168845316,0.20405579946675098,7.079629992178505
vid_000140_frame0000039.jpg,vid_000140,1,0.4200843367598447,1.3589626853024128,1.4495585343169175,0.4228150568869523,0.19555175803884534,8.063169173774844
vid_000055_frame0000245.jpg,vid_000055,2,0.4196576988719821,0.10554586101689684,4.0210559543301,0.2906901779230211,0.176615813324845,8.353210308723044
vid_000443_frame0000003.jpg,vid_000443,3,0.41636476826671714,2.9333071159630992,2.551741592781622,0.28325490196078434,0.20467523212583152,7.062140479900345
vid_000201_frame0000029.jpg,vid_000201,3,0.4158334314362818,3.216157064341141,1.1732008715941313,0.2571546160130719,0.20794672376751033,7.079349856367828
vid_000321_frame0000007.jpg,vid_000321,2,0.4156887946990147,-0.4451816369495989,3.8854805399083117,0.2306294178165093,0.11185880849633113,8.002030077661471
vid_000242_frame0000014.jpg,vid_000242,2,0.4139469880267515,-1.5021411420525803,4.209392823275799,0.6260976761074801,0.08175233545138391,6.603248022553012
vid_000241_frame0000011.jpg,vid_000241,0,0.41387910367195,0.8477625886151562,0.5828799798105553,0.4810705564633261,0.3178446555343099,6.632955881042374
vid_000273_frame0000014.jpg,vid_000273,0,0.4132274368022828,-2.1850969653207595,0.35485214950245525,0.7357152550835149,0.17488398283989579,6.7601170657688305
vid_000442_frame0000005.jpg,vid_000442,3,0.41316410706637413,3.0114374564293045,1.0090400280268423,0.2177349310094408,0.1625556983288369,7.394193032354259
vid_000153_frame0000011.jpg,vid_000153,1,0.41308524564855886,-0.1775657222110496,-1.1813276023562271,0.18623670116194627,0.08258988716225767,5.982425375419026
vid_000304_frame0000027.jpg,vid_000304,0,0.41220423343144186,-2.657656582819534,1.9712173187188866,0.6354704520697168,0.2665482605325482,6.168290049556684
vid_000367_frame0000010.jpg,vid_000367,2,0.4120472844318635,-0.5316418024166245,4.245288735076484,0.2248966049382716,0.1467588535295519,8.40649944418817
vid_000104_frame0000033.jpg,vid_000104,1,0.4119937982416223,0.8591215016490533,-0.5692563311271931,0.44446922657952065,0.13639586270869727,8.174496280936594
vid_000074_frame0000038.jpg,vid_000074,1,0.41150045190720147,0.762551382995466,-0.983273279023286,0.32101888162672476,0.13208340680081662,8.292333412829676
vid_000055_frame0000045.jpg,vid_000055,2,0.4112162004202099,-0.03838623374710947,3.7931534609169693,0.30566512345679014,0.18176566990203089,8.335765122318424
vid_000433_frame0000008.jpg,vid_000433,2,0.40878344904532515,-0.1449011977769727,2.7497256479944423,0.44535795660856936,0.08419952709982405,5.319640520029169
vid_000311_frame0000001.jpg,vid_000311,3,0.4069119932686373,4.500282547150612,-1.5158494265580358,0.1266179420842411,0.10741817079456427,7.545545898218025
vid_000304_frame0000026.jpg,vid_000304,0,0.4069097965095583,-2.6394761872468,1.942492941646711,0.6327252859477124,0.26694545973572104,6.179094697123839
vid_000292_frame0000003.jpg,vid_000292,3,0.40536482529190443,3.578005883130249,-1.4131077848663358,0.19663804920116196,0.1527133624231421,7.317542981658418
vid_000367_frame0000021.jpg,vid_000367,2,0.4053040564726902,-0.5786213931959526,3.6360585948895574,0.2430808218349068,0.14828538840658964,8.474731977505698
vid_000436_frame0000004.jpg,vid_000436,3,0.40513437984862805,4.0968658062497125,-1.1528363051112371,0.2663669889251997,0.17500548414546785,6.363334291621516
vid_000304_frame0000020.jpg,vid_000304,0,0.4051099023579671,-2.5264917276216012,1.9305530192297362,0.6018684413580246,0.26953992545625965,6.194971830170536
vid_000106_frame0000001.jpg,vid_000106,3,0.4040766329263264,1.9503459555098015,1.2863205104169457,0.2622066085693537,0.1853659203409281,7.076017461107686
vid_000436_frame0000014.jpg,vid_000436,3,0.403952873071055,4.147181282834439,-1.458613410304373,0.25922235838779956,0.17658011526340173,6.397376215840249
vid_000314_frame0000026.jpg,vid_000314,3,0.403228097361433,3.977056440676873,-1.4089980627041547,0.18062023420479303,0.15638817995980295,7.541263358728497
vid_000304_frame0000021.jpg,vid_000304,0,0.4027718030962563,-2.5628619445945304,1.97592520001074,0.6103203976034859,0.26879483291970674,6.156626620375062
vid_000092_frame0000093.jpg,vid_000092,1,0.4027221238672467,0.5992704319760684,0.07760171087930685,0.32985726821592837,0.14022204986555326,8.55670579761564
vid_000139_frame0000026.jpg,vid_000139,0,0.40251902358960256,-0.21541454030271587,2.7850407820344505,0.4622478818687969,0.11771202342974216,7.930956123276541
vid_000275_frame0000024.jpg,vid_000275,3,0.4024850409758292,3.681972522926054,-0.4435133716927501,0.22643641067538128,0.21433315693520275,7.465551881124634
vid_000123_frame0000012.jpg,vid_000123,1,0.4022194777616699,1.6381068184469914,-2.335440714627152,0.3434467441297507,0.25497726640467544,8.106701426862958
vid_000315_frame0000028.jpg,vid_000315,0,0.4020934797746243,-1.0784416727934119,-0.04862320566905685,0.6180401688453159,0.2232616413475242,6.977089756508266
vid_000436_frame0000024.jpg,vid_000436,3,0.40207507417240324,4.090105022532773,-1.4961418739828887,0.2410770697167756,0.17614574489802562,6.475063213413119
vid_000305_frame0000007.jpg,vid_000305,3,0.4016580268817233,3.7790032403184997,-1.6576355258977362,0.26058451343500366,0.1835768573582287,6.893476346759945
vid_000314_frame0000003.jpg,vid_000314,3,0.4013796053998491,4.43720427077286,-1.7970661205642857,0.1721191448801743,0.1536011968522172,7.520373110507119
vid_000440_frame0000001.jpg,vid_000440,2,0.4009342834361578,0.023039512818960283,2.99133130977816,0.40455386105059304,0.12010452847192916,8.311823086153536
vid_000311_frame0000012.jpg,vid_000311,3,0.4007548195704904,4.555636001312638,-1.6373453361432684,0.14966941267247638,0.12499442100457778,7.546340546258414
vid_000264_frame0000034.jpg,vid_000264,0,0.4000145095501602,-2.8913376449664288,1.1673090816298128,0.8067462100580973,0.15230682100332768,6.481583241999787
vid_000314_frame0000022.jpg,vid_000314,3,0.3994887486101702,3.998272368031701,-1.764905591260011,0.17046141975308643,0.1542555841474518,7.557936319378546
vid_000314_frame0000001.jpg,vid_000314,3,0.39866764738164673,4.546212244250445,-1.8506463837229894,0.16516689360929557,0.1483785415544159,7.542165973074966
vid_000106_frame0000018.jpg,vid_000106,3,0.39833081054142533,1.9708303236279823,1.2047398552443236,0.2544159404502542,0.17927868624530058,7.103404243558111
vid_000153_frame0000008.jpg,vid_000153,1,0.39738244690194524,-0.34402535976786397,-1.140482399773974,0.1866903140885984,0.07091642903246824,6.013087535208579
vid_000436_frame0000029.jpg,vid_000436,3,0.39705176988087154,3.8841664558255533,-1.3653977806123623,0.2268277959331881,0.16321153504611186,6.482616130058545
vid_000304_frame0000024.jpg,vid_000304,0,0.39604612657765287,-2.4484258574188704,1.8407064751358453,0.5968463598402324,0.2662088082884277,6.150208447384521
vid_000309_frame0000012.jpg,vid_000309,3,0.39551854332296393,4.258915981064559,-1.3549609287903137,0.15607455065359477,0.1367080122999408,7.617750397932312
vid_000214_frame0000013.jpg,vid_000214,3,0.39537883041878086,3.2516402289242077,0.3846615225638242,0.21156796931735658,0.18351432190720363,7.6727905816771065
vid_000329_frame0000016.jpg,vid_000329,1,0.39520335841539705,0.15831541259138762,-0.6218142366458692,0.3274988198983297,0.11291880186815552,8.411665649265597
vid_000303_frame0000007.jpg,vid_000303,3,0.3944382650193557,2.1965662170276783,0.5855405890478651,0.273204883805374,0.1824413050405841,6.9758751726786645
vid_000101_frame0000009.jpg,vid_000101,0,0.39391083076318645,-2.034338031019831,0.33793089519204406,0.7937873698862261,0.12863479537741937,6.956958701482874
vid_000106_frame0000009.jpg,vid_000106,3,0.3932435934486625,2.0482426787741477,1.3389979267547947,0.25387332062454615,0.17763675714384844,7.104586262032306
vid_000171_frame0000008.jpg,vid_000171,3,0.393009766815522,3.5607621597727857,-0.4753022225072568,0.21067851307189545,0.17261532085300776,7.074399858627087
vid_000244_frame0000011.jpg,vid_000244,1,0.3920106707189844,0.3521483546324089,-2.9444075981937794,0.6531875,0.08375022288200525,6.54148062767742
vid_000274_frame0000013.jpg,vid_000274,1,0.3914112026912518,-1.217348106303439,-0.6769185446723719,0.5534013253449528,0.16223019195225508,6.619716447564394
vid_000055_frame0000001.jpg,vid_000055,0,0.3913363280692,0.3918267338101312,1.6101419389191662,0.29197573226821594,0.18432845959954547,8.204248148393775
vid_000206_frame0000040.jpg,vid_000206,3,0.39125062629578355,2.614977768322487,0.6156842706469368,0.31003506263616554,0.25746970596708296,7.035885805680059
vid_000214_frame0000001.jpg,vid_000214,3,0.3900417434357383,3.356699092919178,-0.06627790942355558,0.20336569535221496,0.1776875231537279,7.682216705083535
vid_000289_frame0000057.jpg,vid_000289,0,0.3899914479980414,-1.7260727626634438,0.801416547560337,0.48320767519970953,0.3014006815168413,6.180867793847245
vid_000290_frame0000001.jpg,vid_000290,3,0.38993682561859083,3.94762347221806,-1.0426695681873543,0.24892286220043575,0.1810332944714651,7.038461512113135
vid_000303_frame0000006.jpg,vid_000303,3,0.38949212553601464,2.2132646765247475,0.845648104504589,0.28051048474945534,0.186936582041014,6.9519775539190265
vid_000169_frame0000003.jpg,vid_000169,3,0.38915840913548194,3.3886421319613067,-0.22811378190109188,0.32063403231663035,0.23760805883440408,6.874184378733586
vid_000262_frame0000014.jpg,vid_000262,3,0.3890025107927591,2.926628462779501,0.2316872229218532,0.30797576252723313,0.23098718075478344,7.19190627368564
vid_000293_frame0000003.jpg,vid_000293,3,0.3888826504872208,3.800070686576189,-1.159475861104095,0.1941644653231663,0.14607683800439836,7.207660844424258
vid_000275_frame0000005.jpg,vid_000275,3,0.38863917976766915,3.1961720189383915,-0.655725551971326,0.23334996822803195,0.21815957979211006,7.402309246574312
vid_000101_frame0000006.jpg,vid_000101,1,0.388027835220729,-1.0840796692906502,-0.4119902300345806,0.7343436819172113,0.1345603364442076,7.126763538894716
vid_000262_frame0000011.jpg,vid_000262,3,0.3879732920465556,1.8361209956560542,1.001789997330621,0.36408383260711696,0.24270696027710179,7.056682674104581
vid_000287_frame0000005.jpg,vid_000287,3,0.3879608708464369,3.2844307154470944,-0.7314316287183501,0.26538473583878,0.20563324570493394,7.1310715129167095
vid_000279_frame0000008.jpg,vid_000279,3,0.3877695375818672,3.8580472027405732,-1.1276756292957588,0.17669555646332608,0.13330625309773522,7.428544173360961
vid_000123_frame0000003.jpg,vid_000123,1,0.38755129159099466,1.0695756450218208,-2.2639167370555766,0.38624506778019846,0.23267075367766316,8.078166350788822
vid_000132_frame0000001.jpg,vid_000132,0,0.3875012123062096,-0.01776614564804594,2.362542947571465,0.447911704187848,0.18667751572835267,7.95632317480812
vid_000444_frame0000007.jpg,vid_000444,0,0.38745135254724794,-0.7187928753260436,2.3560061343982395,0.34907156257564753,0.11891898386183947,8.03362191172625
vid_000069_frame0000030.jpg,vid_000069,1,0.38737746527235634,0.5180577058514281,-1.7956091310016458,0.3934151839748245,0.10958417009461781,7.978771530129889
vid_000171_frame0000001.jpg,vid_000171,3,0.3862164867632522,3.099112430222696,-0.29412388101407155,0.22671187363834422,0.1897202841218812,7.07773056608467
vid_000437_frame0000044.jpg,vid_000437,3,0.38619200911417456,3.1715320897805523,-1.2768290573379713,0.19131737926652143,0.1462464198839124,7.5096498589484755
vid_000421_frame0000034.jpg,vid_000421,1,0.3856586734878991,-0.7650484321851244,-1.3768471186542282,0.5566263843500363,0.10323549725252985,5.47372377735756
vid_000113_frame0000019.jpg,vid_000113,0,0.38565193221019684,-2.0973673900907364,1.4473638246805423,0.5676452205882353,0.10040480920831259,5.716486427233608
vid_000273_frame0000005.jpg,vid_000273,1,0.38563985605993367,0.6011056913690537,-3.1272876529795672,0.5457710602759622,0.11597636521782712,6.643485153361319
vid_000302_frame0000010.jpg,vid_000302,3,0.3855355655947982,2.922455072253569,-0.28682460814430166,0.3148998956063907,0.20876214818938277,6.881854707087588
vid_000104_frame0000027.jpg,vid_000104,0,0.38523370643039845,-0.9959306145730005,1.4724478934486174,0.48445095013313966,0.16636788664419516,8.217319905570086
vid_000118_frame0000019.jpg,vid_000118,0,0.3847252372761956,-0.7829975005399701,1.9489247698676788,0.2915002420721375,0.12331545015527201,7.909986935523395
vid_000092_frame0000060.jpg,vid_000092,1,0.38454446440579015,-0.1526394102626527,0.2564550646999946,0.3671164669571532,0.11819474359270246,8.106793971240844
vid_000421_frame0000006.jpg,vid_000421,1,0.3842188889190646,-0.9001139686433676,-1.7855838303330076,0.6194435139796659,0.09347698691939957,4.754997275153731
vid_000171_frame0000018.jpg,vid_000171,3,0.38358182380802414,3.1044688528244695,-0.5101148419783174,0.21036521877269426,0.17027268673356408,7.1271126969303324
vid_000303_frame0000003.jpg,vid_000303,3,0.3834380624547266,2.2775716395721344,1.0908732720536816,0.26999044571532316,0.1804368357597237,7.006978704499916
vid_000551_frame0000065.jpg,vid_000551,1,0.38301706107377437,-0.17808355568296497,-1.0185775221769793,0.41173962115710483,0.06540169995770105,7.81237246148857
vid_000145_frame0000001.jpg,vid_000145,0,0.3824354187509991,-0.48817089064239455,-0.024216722375613273,0.38246117768094895,0.26416868378236785,7.996658157436631
vid_000265_frame0000005.jpg,vid_000265,1,0.38236559941518716,-0.008737723023316568,-2.7681602684902855,0.654052786855483,0.09582834187268326,6.70401440738928
vid_000113_frame0000015.jpg,vid_000113,0,0.3821836249856955,-2.0180081788972695,1.5152717715184587,0.5645150689905593,0.10960250635946618,5.869557369771823
vid_000254_frame0000017.jpg,vid_000254,0,0.38153807357325586,-1.9016739138542034,2.28753825326178,0.5881352124183007,0.08014215863016022,6.592221319631048
vid_000118_frame0000010.jpg,vid_000118,0,0.3807780772383657,-0.7788948674521611,1.700591728997241,0.28545240256596466,0.1220651018651097,7.946826629062797
vid_000240_frame0000030.jpg,vid_000240,0,0.3806547166550076,-2.144947615992642,1.5180533284181332,0.5624990468409586,0.14701539292715185,5.902867773326596
vid_000551_frame0000001.jpg,vid_000551,1,0.3806354168672098,0.19944008042781913,-1.0076823093688059,0.32401543209876543,0.10940482408291127,7.986912276859925
vid_000551_frame0000076.jpg,vid_000551,1,0.3805878233042802,-0.2858918253044949,-0.928866863573901,0.42003540305010895,0.06838188717848165,7.793914865642153
vid_000063_frame0000001.jpg,vid_000063,2,0.3803918151464276,0.818514163496277,2.060771659392332,0.4220830610021787,0.15829934245664734,8.19167906315161
vid_000157_frame0000027.jpg,vid_000157,0,0.3801030547886543,-1.61177584695098,1.8857094228011835,0.5191256051803437,0.12229110609610874,7.222964016182499
vid_000271_frame0000013.jpg,vid_000271,1,0.38005178068518664,0.26153378307252206,-2.6197124587801652,0.6425849673202614,0.07319913519295836,6.571305266065558
vid_000092_frame0000002.jpg,vid_000092,1,0.37967745728390856,-0.03688618422784919,-0.37787342162988913,0.3436158617768095,0.1235349349292153,8.026834340882472
vid_000271_frame0000023.jpg,vid_000271,1,0.37882402534488213,0.16686707908489054,-2.5673224048785492,0.6605491784676834,0.0720578260616203,6.542931524392076
vid_000063_frame0000003.jpg,vid_000063,2,0.37873313735912273,0.8452615507806546,2.0340366263819214,0.4333378721859114,0.15631864598229597,8.02987067651147
vid_000092_frame0000056.jpg,vid_000092,1,0.37847163677488127,-0.21764445653489284,0.01606207981593089,0.35732549624788185,0.12036533492479275,8.0335286550052
vid_000349_frame0000005.jpg,vid_000349,0,0.37817776655929186,-1.090439969690891,1.7018756192035407,0.36078649237472765,0.10261393500498296,7.930374415902963
vid_000262_frame0000006.jpg,vid_000262,3,0.3779804461345636,2.2365030262428713,0.11707736476193487,0.3391916984386347,0.22705593195901144,7.132273608447237
vid_000063_frame0000030.jpg,vid_000063,2,0.3778988844553822,0.44670954403796626,2.20081211704117,0.40264717985959814,0.15085361322126623,8.152694387065026
vid_000037_frame0000012.jpg,vid_000037,0,0.37731741941259617,-0.8583531891487155,2.118044516425258,0.41659570927136286,0.13042615404204885,8.14034062555338
vid_000552_frame0000101.jpg,vid_000552,0,0.37695335083476145,-0.9024527469816361,1.8217510583986103,0.3644852033405955,0.16872243282960844,8.441849951959933
vid_000279_frame0000001.jpg,vid_000279,3,0.3769405785799824,3.0734990578949524,-0.7927083123780231,0.2053869825708061,0.14899789164331337,7.35375837566663
vid_000430_frame0000007.jpg,vid_000430,1,0.376925326573372,-1.215207315578302,-0.20095386191347622,0.3596945806100218,0.12672844135863234,5.629059278717174
vid_000095_frame0000008.jpg,vid_000095,0,0.3767869610752238,-0.7778726554341256,1.5030448478668756,0.3415642096344711,0.1748376421132204,8.25663082997206
vid_000329_frame0000001.jpg,vid_000329,1,0.3763803497187937,-0.3032389169616258,-0.36827217929195194,0.3062982631324135,0.11713030079714008,8.378799901402399
vid_000063_frame0000010.jpg,vid_000063,2,0.376327563256769,0.7133546305045143,2.0628156476571995,0.4239351851851852,0.1361185628802915,8.141787658772262
vid_000552_frame0000104.jpg,vid_000552,0,0.3762318601812729,-0.7694933456768053,1.9136997808563845,0.37919989106753815,0.16654326126702218,8.254081395369056
vid_000037_frame0000009.jpg,vid_000037,0,0.3759559131668625,-0.8236650438264965,1.699075260490379,0.438766007020092,0.10605873205065897,7.77354076434934
vid_000169_frame0000006.jpg,vid_000169,3,0.3759385018934303,2.9641907671127523,-0.5875841269861621,0.2656829611474219,0.19582160351370886,6.995918767609057
vid_000301_frame0000003.jpg,vid_000301,3,0.3754578971515272,1.9526994756254605,0.3647622781480685,0.2677517474582426,0.18656705312154262,7.090341375326243
vid_000123_frame0000029.jpg,vid_000123,1,0.3754495593330093,0.9220596706716102,-1.8069873534603422,0.37642217380779475,0.22007790459082108,8.058845234822815
vid_000332_frame0000066.jpg,vid_000332,1,0.37532824476733767,-0.3135418631461645,-1.1047515408691417,0.3872275478092472,0.09622954197927418,7.881552697924976
vid_000123_frame0000046.jpg,vid_000123,1,0.3751651958932049,0.906654125103119,-1.771753965183872,0.38330785524086175,0.22520901751874858,8.057626780019856
vid_000063_frame0000021.jpg,vid_000063,2,0.37506283920593847,0.34791878407731314,2.4996916973699936,0.4044283769063181,0.15066764601932633,8.115289365295931
vid_000149_frame0000001.jpg,vid_000149,0,0.3750005048605436,-1.2698770549293272,0.4632860388099319,0.27168028322440085,0.08895244543779407,6.080410906174575
vid_000553_frame0000016.jpg,vid_000553,0,0.3748775992448712,-0.8414500643286682,1.50127099646035,0.4091458787218591,0.11017840016568899,7.896163871796816
vid_000555_frame0000041.jpg,vid_000555,0,0.3736624980216562,-0.8317307961023388,1.9448163830172134,0.44126733841684823,0.15061138891837386,8.261651950936194
vid_000285_frame0000189.jpg,vid_000285,0,0.3735240552732387,-1.635768815590985,1.9706857593983478,0.48825149782135074,0.26800675429235477,6.424193034729535
vid_000076_frame0000001.jpg,vid_000076,1,0.372466141494516,-0.08657773160547619,-1.266905825069805,0.3507531469377875,0.11076725961649911,8.031435422176353
vid_000115_frame0000041.jpg,vid_000115,0,0.3723562179909015,-0.051740704025556514,0.6789135177524965,0.39674007504236264,0.21760557351573726,8.192171934534997
vid_000501_frame0000001.jpg,vid_000501,1,0.37210885706960534,0.17158368539984878,-0.787475914559646,0.3303324255628177,0.14173301153627205,8.283758532671397
vid_000169_frame0000008.jpg,vid_000169,3,0.37195371571639113,3.0089495305332448,-0.5637699989631056,0.2649732434640523,0.19211375381736787,6.970693985235358
vid_000430_frame0000001.jpg,vid_000430,1,0.3714751285230372,-1.015139977308097,-0.8891027876035573,0.3377514297385621,0.08917779666559822,6.358706661619982
vid_000253_frame0000013.jpg,vid_000253,1,0.37124846238080494,-1.3904307423642395,-0.8725780442416263,0.7431579974582425,0.14870842922516644,6.792299381532711
vid_000555_frame0000018.jpg,vid_000555,0,0.3710365287676325,-1.232798786037458,2.0175613787475672,0.42781974703461634,0.11108983573354082,7.936207384633245
vid_000037_frame0000007.jpg,vid_000037,0,0.3707821771275267,-1.189905813506598,1.4017215226091946,0.45259307673686755,0.09577977683588187,7.806484933405623
vid_000301_frame0000001.jpg,vid_000301,3,0.37000365940930574,1.6841081912110862,0.3035456650973622,0.2609316902687001,0.1836540666347989,7.147086706686114
vid_000338_frame0000023.jpg,vid_000338,0,0.3699738277126744,-1.4345215722572506,1.0358143809567097,0.2729252602275478,0.09546353898824889,8.104204307261599
vid_000555_frame0000022.jpg,vid_000555,0,0.36989863191436056,-1.2917294253275187,1.6222968452906632,0.42651863955458724,0.10719513538981529,7.88913010851106
vid_000204_frame0000032.jpg,vid_000204,3,0.36973020753642677,3.097211800760217,-0.8634905773464417,0.19267490468409587,0.1519818494364356,7.211651688850447
vid_000285_frame0000114.jpg,vid_000285,0,0.3696775063338403,-1.716613783558826,1.3881998784500353,0.4797809095860566,0.2692196551544435,6.071491444938464
vid_000140_frame0000031.jpg,vid_000140,1,0.3694330524638656,-0.11720071944510366,-1.3031277020001635,0.4080275962236747,0.10401611944883757,7.886614108605689
vid_000049_frame0000013.jpg,vid_000049,1,0.36919065809836477,0.37611064006621414,-0.8419052708840435,0.2948900992495764,0.1387271421850143,7.97234158175466
vid_000449_frame0000025.jpg,vid_000449,0,0.3690153710638576,-1.8972131918268367,-0.2219622050642804,0.3896120415758896,0.07964867635825652,5.4773193829520785
vid_000118_frame0000036.jpg,vid_000118,1,0.3687672104797835,0.11279177558178921,-0.9349027844558233,0.241788973614137,0.10858274606530037,7.937094416915433
vid_000553_frame0000023.jpg,vid_000553,0,0.3687421700459235,-0.700731283379544,0.966557911137318,0.3679952795933188,0.11171902461196222,8.061393848344785
vid_000550_frame0000001.jpg,vid_000550,1,0.3686956266801873,-0.25602824352761655,-0.6221391893157208,0.38527193778746066,0.10988724131287197,8.253455931602437
vid_000268_frame0000015.jpg,vid_000268,0,0.3686238928861091,-1.913247116599397,-0.29745870656273105,0.7135901643064633,0.12086596750352087,6.647312851430297
vid_000440_frame0000043.jpg,vid_000440,0,0.36857553761021694,-1.2405554367897667,0.5770095468391843,0.37480767368675866,0.12979917615555872,8.378699166347706
vid_000315_frame0000008.jpg,vid_000315,1,0.3684468180803952,-0.07950947925729991,-2.289102501080919,0.6729088825344953,0.10928442169436914,6.621991919561964
vid_000063_frame0000044.jpg,vid_000063,2,0.368256925572458,0.601506946577883,1.8758594671049538,0.4201327463083999,0.1362344832618489,8.080689226389076
vid_000262_frame0000004.jpg,vid_000262,3,0.3680481184515084,2.7591137644114196,-0.44943516053745153,0.29020517883079155,0.20687219904722134,7.184640148612121
vid_000285_frame0000076.jpg,vid_000285,0,0.3679946352371796,-1.7931706991057,1.2626769709196668,0.477522353848947,0.27071954504265744,5.977902659366987
vid_000204_frame0000012.jpg,vid_000204,3,0.36738844010914834,2.516912384256445,-1.068863949050122,0.17882743282498184,0.1411549936979189,7.31593888180704
vid_000437_frame0000016.jpg,vid_000437,3,0.36736438202590943,2.918490223034133,-0.831733737978924,0.20868200798838052,0.1506799645621286,7.400206500737035
vid_000118_frame0000039.jpg,vid_000118,1,0.36733095422696727,0.22772081933431754,-1.023827941920857,0.24209958242556281,0.10807762674426026,7.910030809754396
vid_000440_frame0000080.jpg,vid_000440,0,0.3672858161317063,-1.5425447925787035,1.3943002942736684,0.39455392156862745,0.1388176398894831,8.182200189117726
vid_000424_frame0000021.jpg,vid_000424,3,0.3671586232904262,2.6738285024603528,-0.7267384252939483,0.2255794980029049,0.15702317741973573,7.323435771983059
vid_000103_frame0000001.jpg,vid_000103,0,0.3671179965127836,-1.1639293425423456,1.6567352307829752,0.4083394759138223,0.13091983155348533,8.330861992128568
vid_000206_frame0000017.jpg,vid_000206,3,0.366700912870784,2.539104059124125,-0.32136277672438596,0.22731288580246914,0.1929757818234089,7.1843600311262446
vid_000123_frame0000020.jpg,vid_000123,1,0.3661984317613335,0.6316982801570631,-1.62682365979235,0.38088332122972646,0.20740539437611824,8.084867762847997
vid_000430_frame0000021.jpg,vid_000430,0,0.3661189803448491,-1.6333484357906038,1.4015109979211164,0.27521391612200435,0.07363981745377081,6.384603073097172
vid_000553_frame0000010.jpg,vid_000553,0,0.3657754593752348,-1.17373631317276,0.9977698748970962,0.4462380174291939,0.09869473441779178,7.821032921003039
vid_000044_frame0000014.jpg,vid_000044,1,0.36556380528019555,0.16909591673035063,-1.5954619220274506,0.23338873759380296,0.09636233437093356,8.142923756055554
vid_000151_frame0000001.jpg,vid_000151,1,0.3653421858455266,-0.07926001524298053,-1.3829623736452163,0.332804420842411,0.11041758467261416,6.637671422896571
vid_000076_frame0000042.jpg,vid_000076,1,0.3653038060711702,-0.09735127572554297,-0.8533882875657165,0.3490876603727911,0.1258466629666831,8.158232501902651
vid_000296_frame0000009.jpg,vid_000296,0,0.3651940366942725,-1.1812189230738896,-0.3140680030557387,0.16284808460421207,0.09509671817813635,5.8603226267535
vid_000069_frame0000004.jpg,vid_000069,1,0.3650429315945797,0.010911612443271136,-1.6293982525461375,0.4086579218106996,0.10490754547489836,7.92093935001771
vid_000326_frame0000008.jpg,vid_000326,1,0.36499362693278625,0.08344238516918726,-1.7242157665667048,0.3195083514887437,0.0713393017307002,7.881536691706246
vid_000076_frame0000034.jpg,vid_000076,1,0.3647533954212583,-0.06210225123765067,-1.5495610148130803,0.38944414185427256,0.061581761899773206,7.814834768345064
vid_000207_frame0000005.jpg,vid_000207,3,0.36468611164922005,3.048662625681304,-1.089096074920473,0.24044678195352215,0.165728158064017,7.150899840182421
vid_000233_frame0000021.jpg,vid_000233,0,0.36466846054109925,-2.1768240694006598,-0.36019155753431153,0.5309500045388525,0.12064357808060007,5.877093412574309
vid_000326_frame0000013.jpg,vid_000326,1,0.364667252692553,-0.030664247179652618,-1.7682938777135202,0.3147457334785766,0.07226172869383501,7.917127587318456
vid_000446_frame0000056.jpg,vid_000446,0,0.3645094801288076,-2.385681081212825,0.8119774573438989,0.6435225580973131,0.11128085516772716,6.005092449887912
vid_000204_frame0000020.jpg,vid_000204,3,0.36439236677951875,2.837600227160095,-0.9099712937029111,0.21138961510530138,0.1595811829936677,7.252592288641613
vid_000296_frame0000035.jpg,vid_000296,0,0.3643516343284421,-1.193692605980107,-0.32140116510374506,0.1725868963326071,0.1084853324325436,5.828830109167636
vid_000326_frame0000022.jpg,vid_000326,1,0.3642108182442964,-0.05276187224840647,-1.625759399440217,0.32782440692326315,0.07641727719488814,7.92415763862882
vid_000047_frame0000025.jpg,vid_000047,1,0.364192402162001,-0.24114067577322493,-0.8611517178988782,0.3356572561123215,0.10874206929294768,7.9851001866219935
vid_000145_frame0000033.jpg,vid_000145,0,0.36410998884451123,-0.668389390784781,-0.0563521740592633,0.3812382292423142,0.26055161144495964,7.957813173538094
vid_000069_frame0000007.jpg,vid_000069,1,0.36404297929827456,0.015079907875813437,-1.6231337277776974,0.4105173686758654,0.10375825884050131,7.852896375045275
vid_000103_frame0000023.jpg,vid_000103,1,0.3640282555318276,-0.4713070727532657,-0.8486726968003133,0.3188451343500363,0.14302910299603863,8.247881063440902
vid_000548_frame0000016.jpg,vid_000548,0,0.36357188891009334,-1.7124519610172657,0.15064800901031833,0.3952220406681191,0.06397956112713019,7.804941634936443
vid_000208_frame0000001.jpg,vid_000208,3,0.3635601492216209,2.885714342554435,-1.1325073535951764,0.25918688725490197,0.17725716270685737,6.9347161367527885
vid_000132_frame0000103.jpg,vid_000132,0,0.3635318379687732,-0.7617081953094733,0.7974067059334624,0.39765625756475426,0.15742304318348263,8.004757124050931
vid_000444_frame0000001.jpg,vid_000444,0,0.3634550864438068,-0.9305798767528319,1.5774724712659531,0.3307148692810457,0.11966973948141597,8.332048552466805
vid_000140_frame0000001.jpg,vid_000140,1,0.363366245133304,-0.1813984598588703,-1.204620004304765,0.41159731299927377,0.11029429025272572,7.915935918568932
vid_000089_frame0000014.jpg,vid_000089,0,0.36284308719904335,-0.9806923256616317,0.822472700143869,0.33116058460421205,0.13497275770752365,8.152642644622011
vid_000117_frame0000006.jpg,vid_000117,1,0.3627457477653554,0.38567448456047515,-2.1935617644873395,0.3543432280319535,0.08616903058677315,7.872268034475526
vid_000165_frame0000013.jpg,vid_000165,0,0.3627349930220622,-1.8631241650070576,1.3923100922680056,0.5811584362139918,0.1234912322696417,7.232792960641632
vid_000233_frame0000022.jpg,vid_000233,0,0.36263993570053316,-2.056602654411379,-0.21035092757378615,0.5124902414669572,0.16179334080639085,5.7681207264087115
vid_000550_frame0000030.jpg,vid_000550,1,0.36222419177053733,0.12660098647297435,-1.1410248637835916,0.346356239409344,0.15052585574556535,8.070698439427085
vid_000296_frame0000029.jpg,vid_000296,0,0.36219303684173426,-1.2513314224215186,-0.2615603539997825,0.17657489106753813,0.11394530949273847,5.843142785741854
vid_000555_frame0000026.jpg,vid_000555,0,0.36218628754316157,-1.4232653282032812,1.1910425330422423,0.43263465262648265,0.1029062546400758,7.825585571111775
vid_000272_frame0000009.jpg,vid_000272,1,0.36213798279475357,-0.296253238813252,-2.426198170976293,0.6785360384894699,0.13029746962907407,6.449955168675025
vid_000240_frame0000016.jpg,vid_000240,0,0.361725926076815,-2.2796734760480737,1.0505554237692538,0.5664683415032681,0.14336909703022313,5.802222192112762
vid_000326_frame0000006.jpg,vid_000326,1,0.3614646633190059,-0.07654839685568081,-1.684314739135613,0.3242652808036795,0.0780443645840546,7.830744220831283
vid_000271_frame0000003.jpg,vid_000271,1,0.36131661448059443,-0.3149597787818354,-2.3753561344384893,0.6733342864923747,0.13097204433955376,6.494689652667935
vid_000103_frame0000010.jpg,vid_000103,0,0.3612740486275068,-1.2060179319866802,0.4709653738487549,0.36075762527233113,0.14754761501879643,8.468204532985768
vid_000092_frame0000049.jpg,vid_000092,1,0.3612720108227225,-0.17696053735501338,-0.6675024998158711,0.3599908617768095,0.1280581836250109,8.026095846546331
vid_000275_frame0000020.jpg,vid_000275,3,0.361172344269349,1.7303255463995866,-0.06079625239424592,0.2821212100580973,0.1919068630575171,6.951356115499968
vid_000162_frame0000019.jpg,vid_000162,0,0.3611351404836156,-2.205677630082812,-0.2838102686468517,0.4518867404986686,0.06670248932337902,7.251842293726431
vid_000053_frame0000001.jpg,vid_000053,0,0.36084305450507553,-1.5314270223305009,-0.045246251510595935,0.4312352033405955,0.14219475869061868,8.271990311740192
vid_000044_frame0000025.jpg,vid_000044,1,0.3608037158702851,0.11653536196672044,-1.6374428492030597,0.22699416000968287,0.09652454881137494,8.152382333112781
vid_000094_frame0000027.jpg,vid_000094,0,0.36065494468224923,-0.9816158960406194,0.951848080259049,0.2841901174049867,0.1311188867724302,8.327147362303059
vid_000207_frame0000012.jpg,vid_000207,3,0.36057728562418995,2.585921320279161,-0.929384553672065,0.268628721859114,0.1845214193483685,7.010839948758463
vid_000268_frame0000008.jpg,vid_000268,1,0.3604677649433994,-1.802892860612789,-0.8407099329954878,0.7177730119825707,0.14284960668506383,6.6487512097452734
vid_000324_frame0000025.jpg,vid_000324,0,0.36027605662650736,-0.9519164841033873,0.9380192847096668,0.3672573832001937,0.16162652613330283,8.05170495368097
vid_000162_frame0000038.jpg,vid_000162,0,0.3601731143961649,-1.9529054157444241,1.097026461465054,0.4501192507867345,0.19470988627095837,7.450939876529646
vid_000316_frame0000011.jpg,vid_000316,0,0.3598809118903372,-1.8366665941668168,1.0703680646320093,0.40043799927378354,0.13672967849974363,6.231950939038822
vid_000120_frame0000007.jpg,vid_000120,1,0.35981791112246664,-0.32100242148762287,0.013597247934349674,0.3413322137496974,0.16438000197159464,8.108526162592154
vid_000551_frame0000089.jpg,vid_000551,1,0.3597785024885999,-0.263452038517469,-1.6088211043843457,0.3806548051319293,0.08546762837757133,7.795262811615439
vid_000208_frame0000008.jpg,vid_000208,3,0.3596654034194071,2.613134433417404,-0.838626496759223,0.28845994462599855,0.19797745584924076,6.999671854182764
vid_000266_frame0000008.jpg,vid_000266,1,0.35955260210792006,-0.3852943557146189,-2.5185025291525567,0.6601157180464778,0.09314200726427443,6.527243123330688
vid_000207_frame0000019.jpg,vid_000207,3,0.3595510125714072,2.39915346663381,-0.6356232025876494,0.2997406953522149,0.20427767599768087,6.935528525562186
vid_000132_frame0000130.jpg,vid_000132,0,0.359418766084982,-0.7175312912913451,0.9975321280616181,0.3976931433067054,0.16373241617641685,7.936953857894081
vid_000423_frame0000023.jpg,vid_000423,0,0.3592484067370026,-2.577165817798327,-0.590671074859081,0.6763800154320988,0.06523782375491059,5.7243589827146195
vid_000424_frame0000017.jpg,vid_000424,3,0.35924811660411915,2.424213835143967,-0.7941001606007754,0.23948808551198256,0.16347335419800468,7.3530256468304405
vid_000053_frame0000040.jpg,vid_000053,0,0.35905978761362023,-1.5426199506242784,-0.015957019936529235,0.4313610505930768,0.14188622009031407,8.266389138361015
vid_000306_frame0000003.jpg,vid_000306,0,0.3589563161326966,-1.9721829100016355,1.0770250672247486,0.4848407316630356,0.25628905165187915,6.694320780061014
vid_000272_frame0000006.jpg,vid_000272,1,0.35892504837196637,-0.34135506336061894,-2.36034161732867,0.6811257489106755,0.1334275736962566,6.4305045595531
vid_000120_frame0000003.jpg,vid_000120,0,0.3588552529146995,-0.6434145970161377,0.501095904664292,0.3709025659646575,0.16758024115645806,8.04068078656584
vid_000266_frame0000006.jpg,vid_000266,1,0.35834956448305344,-0.5318861158952543,-2.4181913295385296,0.6775375816993464,0.09685337004402385,6.535992239287373
vid_000239_frame0000053.jpg,vid_000239,0,0.3580907073539426,-2.1969414099240185,0.7085991356220239,0.526871482389252,0.21705087211813628,5.832004804443906
vid_000265_frame0000013.jpg,vid_000265,1,0.35807295442363013,-0.6373590309548551,-2.2586855052983115,0.6808521014887436,0.11228241670729626,6.5545969404959346
vid_000235_frame0000116.jpg,vid_000235,0,0.35789672505116277,-2.4003371851144846,-0.009245133676050564,0.5692091957153232,0.10890293662778826,5.7483468146273085
vid_000037_frame0000001.jpg,vid_000037,0,0.3578694047862125,-1.6304690557849388,0.6222496667592188,0.46673172355361897,0.11306983551870067,7.888482036583616
vid_000274_frame0000008.jpg,vid_000274,1,0.3578528967339998,-0.6108688021891683,-2.204338667486993,0.6749845679012346,0.11093917449768752,6.490754488714552
vid_000275_frame0000009.jpg,vid_000275,3,0.357359305711641,1.5221537132244423,-0.1619879636979877,0.29102012981118375,0.19610702924551685,6.895597677620008
vid_000117_frame0000021.jpg,vid_000117,1,0.3572747016072066,0.2687602597235967,-2.225201446938971,0.36106793149358507,0.08173214383150261,7.875333141829793
vid_000317_frame0000060.jpg,vid_000317,0,0.3571091792019311,-1.3887274948923893,1.0071927577726383,0.3131404547930283,0.18415454563104414,6.326176666949119
vid_000426_frame0000017.jpg,vid_000426,0,0.3567948661510882,-1.7695735196584195,-0.5671563442635299,0.3579856572258533,0.10992679889039776,5.669963177323566
vid_000274_frame0000010.jpg,vid_000274,1,0.35667465909055435,-1.3555934630611781,-1.4906066211776412,0.6778971722948439,0.11970223578560026,6.621710475971024
vid_000257_frame0000018.jpg,vid_000257,0,0.3566274578732304,-1.7752668062635606,-0.5740904673346959,0.6513228939724038,0.18526089456536396,6.611128189723428
vid_000291_frame0000040.jpg,vid_000291,0,0.3566160683888587,-1.8870797713574121,1.4898448268425326,0.5208999863834424,0.22840801349522652,6.82294631225108
vid_000306_frame0000004.jpg,vid_000306,0,0.35639558486140666,-1.9661552079383415,0.9779327250261564,0.4745358569353667,0.2510200037060111,6.7357245679656845
vid_000429_frame0000020.jpg,vid_000429,0,0.35608485351575814,-1.0313487279654583,-0.38822948509208166,0.3548380991285403,0.14851313516912115,5.6925355090711385
vid_000429_frame0000013.jpg,vid_000429,0,0.356049780550277,-1.1027202397426505,-0.5086111936622615,0.3476699573347858,0.13673133080206432,5.639887564370365
vid_000312_frame0000006.jpg,vid_000312,0,0.35600924467803496,-1.5886730967837064,-0.17531218342001886,0.26036172385620915,0.15242927390590214,5.798264551655929
vid_000274_frame0000007.jpg,vid_000274,1,0.3557374279740565,-0.7879255591897009,-2.05404911921958,0.6910868509440814,0.11371123623104688,6.559793971042842
vid_000253_frame0000005.jpg,vid_000253,1,0.3555720760640828,-1.079996981802139,-1.9165701435035958,0.6912714006899057,0.10642517842435072,6.559738354638991
vid_000291_frame0000077.jpg,vid_000291,0,0.35550303631002245,-1.85479632432801,1.4433343444988376,0.5411221632171387,0.22721071294526435,6.7862497345114745
vid_000239_frame0000017.jpg,vid_000239,0,0.3554769310883461,-2.1733721263141197,0.8868067738378937,0.5561354620551924,0.21669719141231195,5.892450416911504
vid_000333_frame0000001.jpg,vid_000333,0,0.3552689958145468,-1.2191416475738304,0.8971067442455648,0.36686434882595015,0.1699078887517842,8.33693513656291
vid_000132_frame0000081.jpg,vid_000132,0,0.35496401903440394,-1.0657905291682341,0.30915157927849946,0.4120458121520213,0.1468744830564856,7.948560202811923
vid_000160_frame0000020.jpg,vid_000160,0,0.35446963424319955,-1.8480188104181505,1.1940497549798004,0.568191781650932,0.13983082720082132,7.188556918704984
vid_000156_frame0000026.jpg,vid_000156,0,0.3542934458802863,-1.523515058711639,0.5161733984621429,0.5407171992253691,0.20051809086266886,7.3240627548998845
vid_000156_frame0000007.jpg,vid_000156,0,0.35422523572292464,-1.5454100617544315,0.6038105495909648,0.5445661159525539,0.2020835159558607,7.3247708041599076
vid_000423_frame0000013.jpg,vid_000423,0,0.35390210778441633,-2.619684270197079,-0.4935959179789346,0.6916408632897604,0.0724691938686215,6.032083801561961
vid_000268_frame0000011.jpg,vid_000268,1,0.35372090005910223,-1.4323667180468347,-1.0879993169407969,0.6840638389615106,0.10910922411075304,6.546749134203123
vid_000117_frame0000009.jpg,vid_000117,1,0.3536529326538391,0.21698799291888726,-2.2029148415207094,0.3650134652626483,0.08241162688219239,7.820282569668208
vid_000131_frame0000012.jpg,vid_000131,0,0.353468927570372,-1.1161962162891779,0.4972630327876605,0.3297422536916001,0.10990200966938951,7.771526808809643
vid_000427_frame0000026.jpg,vid_000427,0,0.3532351215350657,-1.865751068624626,-1.2833506449590992,0.5462809549745824,0.0823703583341007,4.144148126078831
vid_000337_frame0000160.jpg,vid_000337,0,0.3532216104214456,-1.2401464658060672,-0.011077304711328504,0.22576089324618737,0.10583495249511254,8.166215041856296
vid_000427_frame0000051.jpg,vid_000427,1,0.35299088557507186,-1.7272786802806632,-1.5221902636410776,0.5575916621278141,0.08849549854147654,4.19293037401503
vid_000160_frame0000012.jpg,vid_000160,0,0.35293616664583904,-1.7355536780799885,1.2889560247825422,0.5252208303074316,0.1465874971507365,7.265848159098841
vid_000239_frame0000067.jpg,vid_000239,0,0.35292540201369493,-2.1945731743108876,0.7704761995374045,0.5408492193173565,0.20759247884089815,5.853864918897948
vid_000054_frame0000001.jpg,vid_000054,0,0.3528738620322744,-1.5444520068241026,-0.20926370321501972,0.4310518034374244,0.1320742823651915,8.204532436256287
vid_000273_frame0000009.jpg,vid_000273,1,0.3528252200447914,-1.1992582864256702,-1.7673882939087522,0.6906777641612201,0.12621218173251084,6.5037530533479035
vid_000166_frame0000008.jpg,vid_000166,0,0.35281657593421123,-2.1744812459833183,1.0063571623808074,0.6227317235536189,0.12944927847513404,7.232975015019145
vid_000145_frame0000081.jpg,vid_000145,0,0.3527770360593561,-1.272673894379183,1.1629980568941392,0.37595361292665214,0.24215398939709848,7.767378208097635
vid_000326_frame0000004.jpg,vid_000326,1,0.3526574813465689,-0.08845662146576727,-1.7033258792126946,0.3037260045993706,0.08521460419639143,7.933144908243624
vid_000239_frame0000013.jpg,vid_000239,0,0.352518664628966,-2.1709487146835236,0.5725647673622678,0.5088348084604212,0.20473458598990102,5.81550943090545
vid_000166_frame0000009.jpg,vid_000166,0,0.35247642814910934,-2.1749217374006378,0.9684306657297992,0.620168815056887,0.13040907125525236,7.190596840292708
vid_000160_frame0000009.jpg,vid_000160,0,0.3524311937622516,-1.898281136303254,1.2275447209810135,0.5725150992495764,0.13478493838905237,7.13312123799877
vid_000036_frame0000051.jpg,vid_000036,0,0.35213562583496144,-1.4719742393766995,0.5444785640836983,0.41884649600580975,0.16849574331922187,7.988120192103172
vid_000212_frame0000010.jpg,vid_000212,1,0.35205501518587595,0.3030590946672211,-2.0846955391388766,0.23444487563543936,0.137874926615286,5.825507404729731
vid_000151_frame0000007.jpg,vid_000151,1,0.35204559855722534,-0.25063616252091064,-1.2258406484737672,0.31925853304284674,0.11896260615938423,6.85241469324485
vid_000347_frame0000033.jpg,vid_000347,0,0.35201670746175745,-1.683255884947421,0.4697694040435619,0.31311925078673447,0.08299038447291437,8.018847060064276
vid_000338_frame0000001.jpg,vid_000338,1,0.3520030580669863,-0.7924432607570259,-0.9244397895421648,0.21269259864439602,0.09669159447239951,8.14153511970584
vid_000312_frame0000019.jpg,vid_000312,0,0.3519520030869595,-1.4467429856621654,-0.423572609210846,0.2044689769426289,0.10698355851323622,5.763551906881956
vid_000444_frame0000112.jpg,vid_000444,0,0.35149759962967286,-0.9099806619635772,0.19020334952995754,0.38879075889615106,0.12734143889942093,7.926476304010752
vid_000094_frame0000065.jpg,vid_000094,0,0.3514381971837549,-1.1789129305568355,0.4273930844640514,0.3072618615347374,0.11661039094808798,8.19521415006013
vid_000266_frame0000010.jpg,vid_000266,1,0.3514361937931513,-0.7599231838384285,-2.2470337089055192,0.6753012890341322,0.08721343913706371,6.512625422515817
vid_000166_frame0000010.jpg,vid_000166,0,0.35136196675108033,-2.151553890242299,0.9839648459336839,0.617920781893004,0.13057761903379053,7.272770863107506
vid_000339_frame0000012.jpg,vid_000339,0,0.3513274395075741,-1.2815571605437632,-0.2072618149631902,0.22086071774388769,0.09423782521667236,8.171878361340749
vid_000239_frame0000073.jpg,vid_000239,0,0.35128479076817765,-2.123722932410475,0.745939420904476,0.5237930510167029,0.20039123332674108,5.82583294807436
vid_000212_frame0000008.jpg,vid_000212,1,0.35125919085615154,-0.057379933832709215,-1.6633371985290537,0.2901477396514161,0.18302790971532018,5.891550081960631
vid_000156_frame0000032.jpg,vid_000156,0,0.3511081616146114,-1.5217941095964982,0.7391878752122301,0.5427365044783345,0.20198012582612218,7.355958382489941
vid_000037_frame0000004.jpg,vid_000037,0,0.35104049848697594,-1.6509724261596557,0.70973736269544,0.4547423142096345,0.09781423423869463,7.868417056218101
vid_000295_frame0000020.jpg,vid_000295,0,0.350860457942685,-1.5711681390858554,0.2679947991619415,0.3165500408496732,0.20644111175108873,5.929291199802386
vid_000252_frame0000018.jpg,vid_000252,0,0.35080252368576226,-1.2708109939630594,0.09061009414029815,0.3998989878358751,0.17292111335988888,6.315169472386349
vid_000209_frame0000016.jpg,vid_000209,0,0.35070232393829304,-1.6525169723052926,-0.2916847014945685,0.502313316993464,0.2079150137340393,6.2841155230389525
vid_000209_frame0000010.jpg,vid_000209,0,0.3503630042717508,-1.6131040769967393,-0.33350735256706704,0.5181378903413216,0.19823731324477,6.331763505280617
vid_000265_frame0000024.jpg,vid_000265,1,0.3503102342258755,-1.2350979117297527,-1.6775407506563553,0.6906440631808278,0.12697857501155604,6.5740928284701425
vid_000426_frame0000012.jpg,vid_000426,0,0.3502209278240841,-1.6777101664687648,-0.7772416072180671,0.34817726488743644,0.08726061887289238,5.647745397810148
vid_000054_frame0000024.jpg,vid_000054,0,0.35019715973496585,-1.5610006191128967,-0.27134637526241173,0.41049379690147664,0.13001918053853653,8.086234398384876
vid_000265_frame0000017.jpg,vid_000265,1,0.35016599366665063,-0.987802784736849,-2.007535044009075,0.6909679103122731,0.11830240502073101,6.555209343579128
vid_000257_frame0000014.jpg,vid_000257,0,0.35000609290086016,-1.709593410964395,-0.684070476464739,0.6374588326071169,0.18502273873678035,6.664955915753618
vid_000291_frame0000001.jpg,vid_000291,0,0.34997238876852227,-1.7654014458249832,0.14199781642734285,0.33649419026870003,0.15966522358615812,6.296236907542796
vid_000312_frame0000011.jpg,vid_000312,0,0.3499069050251661,-1.4663537974270187,-0.2980303467004628,0.21972104212055193,0.12235744722039579,5.8001229582659946
vid_000423_frame0000042.jpg,vid_000423,0,0.349851337735747,-2.020347095596544,-1.004166249515324,0.6172544934640524,0.10767090888440325,5.104960082632237
vid_000252_frame0000030.jpg,vid_000252,1,0.34958969741894197,-0.7034629425198926,-1.3810822768259141,0.3224194353667393,0.13986188983346612,6.279443130892027
vid_000339_frame0000005.jpg,vid_000339,0,0.3495651015016205,-1.1897492898725741,-0.40828025899080017,0.2210063543936093,0.09323730164005734,8.184263832207767
vid_000272_frame0000014.jpg,vid_000272,1,0.34949509209890833,-1.1695121292842792,-2.0293135990637503,0.6962493191721133,0.08423748678480203,6.491471714845268
vid_000316_frame0000034.jpg,vid_000316,0,0.3494831181423075,-1.32891192206181,0.7820118617448093,0.2997240604575164,0.16449305217004812,6.5263661186764805
vid_000295_frame0000011.jpg,vid_000295,0,0.3493576648398447,-1.6050919919317723,0.3364255079040957,0.3241202795933188,0.20909565621983223,5.891443143009481
vid_000127_frame0000037.jpg,vid_000127,0,0.34900442925473696,-1.1092448321690718,0.133422475751668,0.34730186395545876,0.15447805565388328,7.871316815680309
vid_000252_frame0000007.jpg,vid_000252,1,0.34899905323116637,-0.8109897102105831,-1.1337207038380714,0.3567965232389252,0.1514913870099708,6.297801548555957
vid_000332_frame0000089.jpg,vid_000332,0,0.3489818908028406,-1.0467644972186292,0.010855102909664578,0.3960128903413217,0.1028157573051115,8.003195874741373
vid_000104_frame0000001.jpg,vid_000104,0,0.34881743365009144,-1.0129726975190216,-0.16056203659124071,0.43339230815783103,0.17779265013783774,7.928098783872934
vid_000283_frame0000011.jpg,vid_000283,0,0.34865054847674476,-1.393999039781787,-0.4018103064012374,0.2329184822076979,0.13345339074150978,5.737243188966451
vid_000266_frame0000013.jpg,vid_000266,1,0.3486275770338935,-1.081164611865758,-2.0048152639657406,0.658249591503268,0.09357569408967424,6.598832577667177
vid_000261_frame0000014.jpg,vid_000261,0,0.3485751409005385,-1.7493404084978352,0.2222613607276134,0.34509667755991286,0.17656873379749075,5.9075353312010925
vid_000306_frame0000006.jpg,vid_000306,0,0.34835150567135886,-1.8666967578578773,0.8972045053369074,0.45754048656499635,0.24227715082828225,6.565473546416176
vid_000339_frame0000008.jpg,vid_000339,0,0.34833648220158336,-1.1614212997677094,-0.5308968138812328,0.22086949285887195,0.09350317145817341,8.176592062177852
vid_000252_frame0000001.jpg,vid_000252,1,0.34827898043215444,-0.7147656032551032,-1.3540985739097102,0.32658707788671026,0.1398789045747582,6.262373048280484
vid_000131_frame0000028.jpg,vid_000131,0,0.34779575583232936,-1.2539438827213687,0.32392667236575773,0.33793905833938515,0.10247404672712063,7.759747770017822
vid_000272_frame0000017.jpg,vid_000272,1,0.34766061732681436,-0.9914344349701348,-2.1072283687961293,0.6901883623819899,0.0904397940564132,6.495661978615484
vid_000034_frame0000005.jpg,vid_000034,0,0.34750936564235585,-1.5786896713146454,0.2518930563215916,0.3696950496247882,0.15175219318906602,7.965199189976088
vid_000265_frame0000028.jpg,vid_000265,1,0.3474351866945863,-1.3052484711768986,-1.5924672047502735,0.6938144744008715,0.12816496086497456,6.56027836750396
vid_000159_frame0000011.jpg,vid_000159,0,0.34725837991281944,-1.7283743036320653,1.4276037875498226,0.46363577221011865,0.2252269662423732,7.238074304228987
vid_000036_frame0000001.jpg,vid_000036,0,0.3472567774352372,-1.4908730404310233,0.8155271750297792,0.4014271665456306,0.15934861184830587,8.108768072697234
vid_000054_frame0000006.jpg,vid_000054,0,0.3472523501687907,-1.5613503015278563,-0.17730913902801493,0.4312308460421206,0.1314402457404881,8.165151938532658
vid_000036_frame0000078.jpg,vid_000036,0,0.34719130142925486,-1.5773306172727473,0.6498575566585246,0.4213221980150085,0.15909739823154853,8.02682825449396
vid_000283_frame0000007.jpg,vid_000283,0,0.3470920837034755,-1.3597833541262605,-0.38675657700435884,0.22970665395787943,0.1313811654076776,5.764855907321348
vid_000316_frame0000016.jpg,vid_000316,0,0.34706704212598627,-1.656229009651869,0.8589405457456749,0.29653295206971675,0.1601762758933902,6.365236155773885
vid_000157_frame0000020.jpg,vid_000157,0,0.3469517861728344,-1.9163837986404295,0.3176169974692658,0.5687496671508109,0.14312795684297253,6.829148197746116
vid_000209_frame0000013.jpg,vid_000209,0,0.34690109638604594,-1.5313910896108087,-0.4027213322054865,0.4876567946623094,0.20255205126514816,6.322644147999045
vid_000034_frame0000010.jpg,vid_000034,0,0.34685977733000317,-1.4223958672672823,-0.4707695033355691,0.36010705640280805,0.15475814784220204,7.9836331831658205
vid_000034_frame0000015.jpg,vid_000034,0,0.3466499488114612,-1.4577210232961766,-0.5406458480409423,0.36052995642701524,0.14909889037247004,7.986684118133362
vid_000306_frame0000010.jpg,vid_000306,0,0.34661978934072,-1.851554451890453,0.46785063789655007,0.4134673202614379,0.22100929858479984,6.570041994387608
vid_000306_frame0000009.jpg,vid_000306,0,0.3464734078022821,-1.9313565230826983,0.47513297485172984,0.42272308460421204,0.22415623997708817,6.33781577228823
vid_000252_frame0000013.jpg,vid_000252,1,0.3464497397151699,-0.9566108526411624,-0.4054721788274998,0.378388253449528,0.19020657578447672,6.397490580686743
vid_000151_frame0000031.jpg,vid_000151,1,0.3462946300004597,-0.3862698833335219,-1.3951800597487785,0.32772962055192445,0.12140658696401793,6.712883812403365
vid_000131_frame0000001.jpg,vid_000131,0,0.34627534033343277,-1.171405939775535,0.24551415913619273,0.2925023299443234,0.09657973462355877,7.7361648153845195
vid_000266_frame0000017.jpg,vid_000266,1,0.34588391498588045,-1.5307714306904237,-1.4939864087133765,0.6909288988743646,0.09711604058966107,6.559256146735362
vid_000283_frame0000031.jpg,vid_000283,0,0.34577183320207777,-1.7114036432713837,0.47541916272392337,0.36163164941902687,0.16978970418963815,5.822429760737864
vid_000131_frame0000023.jpg,vid_000131,0,0.34560731634842934,-1.2247674867133487,0.1872314330593941,0.31353056160735904,0.09268340144543707,7.731773988686611
vid_000088_frame0000001.jpg,vid_000088,1,0.3453389439065789,-0.6801743903684367,-0.7543041760949496,0.35568179617526025,0.17487427262016741,8.156023110930755
vid_000334_frame0000005.jpg,vid_000334,0,0.3448312299160422,-0.8093620572256359,0.3995207753597907,0.3764268942144759,0.09689655573815656,7.842067268323524
vid_000170_frame0000010.jpg,vid_000170,1,0.34466468788563487,-0.6757438612734135,-1.8423284432979061,0.36792415577342047,0.12371332325917751,5.860964213791682
vid_000235_frame0000161.jpg,vid_000235,0,0.3445724967475192,-1.8969304018137658,-0.17138836084800904,0.4595642247639797,0.15683212852032144,5.715394980684882
vid_000334_frame0000023.jpg,vid_000334,0,0.34455159866704366,-1.2282336128141305,-0.29206385264104934,0.3273613229242314,0.10991642221674862,8.273537385603124
vid_000209_frame0000004.jpg,vid_000209,0,0.34452705392889127,-1.5497704327178052,-0.43042127482753356,0.4727595769789397,0.1899893729431023,6.2666781899211905
vid_000553_frame0000004.jpg,vid_000553,0,0.3442830870631449,-1.8612090056451043,-0.13315999933366207,0.4543693113047688,0.09498254688281936,7.897176603611556
vid_000170_frame0000013.jpg,vid_000170,1,0.34373184224178915,-0.6718012131704919,-1.9120101317439886,0.3590211283587509,0.11374570948541676,5.906201561983315
vid_000212_frame0000017.jpg,vid_000212,1,0.3435874458991712,-0.26820896008989603,-1.5894991657340813,0.29944589687726947,0.1921373928854451,5.872326902649106
vid_000440_frame0000126.jpg,vid_000440,0,0.343515739623414,-1.3511485967404755,0.29967703891586883,0.37598123940934397,0.11068557391027024,8.173672353685511
vid_000142_frame0000111.jpg,vid_000142,0,0.34323569190900494,-1.5209217345476802,-0.709391755889779,0.47758357540547086,0.10546130704321423,7.779230486186638
vid_000243_frame0000012.jpg,vid_000243,1,0.34318312142850876,-1.445000101237876,-1.0915482112959871,0.6343048974219317,0.14326742833073794,6.510075818824501
vid_000119_frame0000014.jpg,vid_000119,1,0.34268335957024665,-0.45677516727490997,-1.9417474622097775,0.40543125151295084,0.08687085189586534,7.837278091468827
vid_000209_frame0000007.jpg,vid_000209,0,0.3423799609773934,-1.6835270577622587,-0.4151475119712108,0.5103046023965141,0.19106789537003446,6.297051922318149
vid_000284_frame0000052.jpg,vid_000284,0,0.3422368941672895,-1.7638412540157602,0.3816452053951666,0.41231286310820625,0.17759391267089972,5.747217013938641
vid_000168_frame0000005.jpg,vid_000168,1,0.3421791752163176,-0.8910803041285087,-1.5095683272246445,0.4184342168966352,0.10880874692245826,7.522180091198732
vid_000111_frame0000006.jpg,vid_000111,1,0.342084830187309,-0.9394012180042275,-1.2768907216221579,0.4441271181312031,0.12165015974997047,7.356869034036757
vid_000235_frame0000143.jpg,vid_000235,0,0.34196619717034477,-2.0675053965881904,-0.014566158537682056,0.5010905047204066,0.1641708774215719,5.902974330479103
vid_000284_frame0000061.jpg,vid_000284,0,0.3418703201331937,-1.7400008722457738,0.3744449591577199,0.3626618100944081,0.17084372641783394,5.777107356269675
vid_000319_frame0000015.jpg,vid_000319,0,0.3416048614062816,-1.256308198724952,-0.5262604960619285,0.3836525054466231,0.09267331961484246,7.89859664001443
vid_000235_frame0000017.jpg,vid_000235,0,0.3414302675970674,-1.6862626404989152,-0.517023788686852,0.528700957697894,0.1917615936075358,5.8734793761268325
vid_000048_frame0000018.jpg,vid_000048,1,0.34129164664395023,-0.5011078623606037,-1.1829050249168551,0.31362179254417816,0.10229278479170223,8.030707887585258
vid_000345_frame0000020.jpg,vid_000345,0,0.341193243291997,-1.3762477391830963,-0.9373835629420294,0.3174772149600581,0.07983760820891088,7.9780619926790175
vid_000082_frame0000019.jpg,vid_000082,0,0.34115940080376994,-1.0914329620425838,-0.41988659700988323,0.299859961268458,0.1131725201630201,8.115223011613988
vid_000026_frame0000014.jpg,vid_000026,0,0.3406977075746137,-1.5523251132102622,-0.240984705225265,0.4231463628661341,0.13389175574722909,7.833978463531111
vid_000331_frame0000248.jpg,vid_000331,1,0.34066136766586963,-0.2542624344402089,-2.1456756677863744,0.2743395969498911,0.08753097338406537,8.061683193494856
vid_000049_frame0000018.jpg,vid_000049,1,0.34045995463646306,-0.14479643344298085,-2.0526316115772434,0.2599400871459695,0.1024897675711818,8.143786905141873
vid_000050_frame0000024.jpg,vid_000050,1,0.34031180592875976,-0.27622954465514854,-1.980029030660521,0.2895482933914307,0.11302849971532823,8.114547638423494
vid_000049_frame0000016.jpg,vid_000049,1,0.34031001151005424,-0.23765077493259845,-2.0430199966393827,0.26451519002662793,0.10140773324680122,8.121126196684246
vid_000041_frame0000015.jpg,vid_000041,0,0.3402144802922673,-1.6818621812433767,-0.2430087641665137,0.35599031711450013,0.07929862728703474,7.878222086846013
vid_000048_frame0000007.jpg,vid_000048,1,0.3400362468448855,-0.5619803890272378,-1.1428176412251783,0.32603089445654804,0.10108044485762749,7.996923144600773
vid_000127_frame0000041.jpg,vid_000127,0,0.33990627459068706,-1.0851124039787232,-0.5048373539486168,0.2989029290728637,0.11045117748765831,7.793452805166643
vid_000023_frame0000015.jpg,vid_000023,0,0.3398270752400412,-1.2851623655084312,-0.7168136230606372,0.36356820382473976,0.13044546759417802,7.876308000443089
vid_000049_frame0000011.jpg,vid_000049,1,0.33980863528609495,-0.2820591807698833,-2.004861881522224,0.27140041757443717,0.10318406295009058,8.123176012368967
vid_000022_frame0000015.jpg,vid_000022,0,0.3396060774827022,-1.2771281136952866,-0.7772952447959518,0.36432186516581944,0.12837815196036054,7.907394644423961
vid_000050_frame0000020.jpg,vid_000050,1,0.33937152268957305,-0.36783213307483736,-1.9307009171813205,0.2949081336238199,0.11237749428219967,8.069524960247431
vid_000338_frame0000017.jpg,vid_000338,0,0.3393662612468798,-1.1711459320366735,-1.0401018990131878,0.2731444262890341,0.10153505452692864,8.018217599032916
vid_000116_frame0000001.jpg,vid_000116,0,0.3390386733620084,-1.235740818566076,-0.6461789901777298,0.29901782256112325,0.07847120030367241,7.897118381648054
vid_000088_frame0000006.jpg,vid_000088,1,0.3390072321044088,-0.6911217897385655,-0.838654315782856,0.35753089445654807,0.16733476488346652,8.142460935330833
vid_000078_frame0000033.jpg,vid_000078,0,0.33872779162196487,-1.670232260428817,0.2556547667544924,0.37223054345194867,0.09642415176210893,7.9831651474073935
vid_000111_frame0000012.jpg,vid_000111,1,0.3386475204417704,-0.8682616117135943,-1.4988452794686273,0.3987588658920358,0.0962021861197585,7.507504824797219
vid_000170_frame0000006.jpg,vid_000170,1,0.33839273670116093,-0.8890079910882325,-1.469441056446852,0.43885909132171386,0.15383669360089083,5.935153913047504
vid_000023_frame0000010.jpg,vid_000023,0,0.33825456533350534,-1.3250672138095854,-0.7011177202984789,0.36503089445654807,0.12979155994590566,7.890130910242577
vid_000334_frame0000010.jpg,vid_000334,0,0.33810340508215236,-1.5873306355435561,-0.21838364227969417,0.35620824255628175,0.08360580996279776,7.908738524714727
vid_000041_frame0000020.jpg,vid_000041,0,0.3379694647994835,-1.7055053123772856,-0.307982153944351,0.35628210481723555,0.07717458919698028,7.869747667971981
vid_000331_frame0000268.jpg,vid_000331,1,0.33783957777997686,-0.4662481438144936,-2.106424932623909,0.2926021544420237,0.07024626426424195,7.998550629108645
vid_000023_frame0000014.jpg,vid_000023,0,0.33769893195886463,-1.3276459528424887,-0.6590356909817526,0.3670899297990801,0.1310623169442442,7.879539813915519
vid_000022_frame0000013.jpg,vid_000022,0,0.3359043964028429,-1.244538509417672,-0.8201668119873314,0.36241019123698864,0.12698561053354038,7.911619878763403
vid_000027_frame0000047.jpg,vid_000027,0,0.335867236268499,-1.5728785606888072,-0.5838649763365763,0.4208797506656984,0.10164058853632517,7.794652354494824
vid_000041_frame0000026.jpg,vid_000041,0,0.33546975837506265,-1.6888082620982248,-0.40421599333685915,0.35628897361413703,0.08085985224096476,7.90285470809463
vid_000142_frame0000001.jpg,vid_000142,1,0.3353755217049749,-1.0218789406687525,-0.9919524825853571,0.47108327281529894,0.17155194261384724,7.843254698335926
vid_000022_frame0000042.jpg,vid_000022,1,0.3353725552211363,-0.9135411664413354,-1.1353650885951845,0.3302618312757202,0.1142114558377014,7.960311084292508
vid_000361_frame0000034.jpg,vid_000361,1,0.33516386802989523,-0.47040584154413756,-1.8427098877889503,0.24069937666424596,0.08775025362082402,8.073799543676056
vid_000288_frame0000093.jpg,vid_000288,0,0.33513163505764104,-1.4071858367413461,-0.749057684666042,0.34592538126361655,0.1425155208116732,5.876372535273421
vid_000361_frame0000037.jpg,vid_000361,1,0.33480463918785186,-0.4917355890982396,-1.8491662286112576,0.23925714112805616,0.08630425033550353,8.044600252958153
vid_000364_frame0000016.jpg,vid_000364,1,0.33468081458699644,-0.615154762118205,-1.984777887571409,0.3020643004115226,0.06398669879448388,7.943217995255945
vid_000342_frame0000268.jpg,vid_000342,0,0.3345794957466204,-1.3171758781630747,-0.6017891232525515,0.30243736383442266,0.1078201181048301,7.975905821146995
vid_000020_frame0000003.jpg,vid_000020,1,0.33445454095774646,-0.37429859116027503,-2.0622216629106207,0.28134213870733477,0.0759174395867792,8.014494878537736
vid_000289_frame0000021.jpg,vid_000289,0,0.33437511101747086,-1.0502245098163463,-0.879693740272114,0.348800903231663,0.20620628102139404,5.842427495336219
vid_000098_frame0000011.jpg,vid_000098,1,0.3342640186797841,-0.36603073241289424,-2.1140180002636986,0.2860873880416364,0.07341882503320385,7.945100420064067
vid_000045_frame0000012.jpg,vid_000045,0,0.33426134262208973,-1.4015013122451438,-0.38555575324751024,0.302871762285161,0.0912473756169847,7.9146248944470905
vid_000023_frame0000012.jpg,vid_000023,0,0.3342231082877387,-1.3198342696595842,-0.6997380205857202,0.3674873214717986,0.13152518730276133,7.886391810101949
vid_000365_frame0000040.jpg,vid_000365,1,0.33407795495042153,-0.5279218791371985,-1.9760153845502109,0.30421819777293635,0.0726029820320318,7.933581785126099
vid_000365_frame0000003.jpg,vid_000365,1,0.334018369810701,-0.5409150124411793,-1.9673806870130297,0.3101198862260954,0.07133019600623483,7.947871683106521
vid_000364_frame0000111.jpg,vid_000364,1,0.33394220985441675,-0.5761246444143265,-1.9718397493124116,0.3206496308399903,0.07066303271567727,7.889650481853604
vid_000361_frame0000008.jpg,vid_000361,1,0.33391439401903295,-0.4764538748851525,-1.8465604959899984,0.23552148390220287,0.0859127408482475,8.065358513198305
vid_000361_frame0000016.jpg,vid_000361,1,0.3339130902115427,-0.45379872836765084,-1.8806695796698443,0.23544973977245218,0.08540541970934924,8.051056490922303
vid_000142_frame0000029.jpg,vid_000142,0,0.3338480719598004,-1.3565156040274582,-0.8497687657284899,0.5020497155652385,0.12621811035290975,7.771555727638144
vid_000116_frame0000013.jpg,vid_000116,0,0.33383675979672206,-1.0212308965530712,-0.9354286736655536,0.290221223674655,0.07769080873290518,7.909123923307938
vid_000021_frame0000001.jpg,vid_000021,1,0.33355814427799696,-0.7106143055371077,-1.2138462579478777,0.31127290607601066,0.11280776874183258,7.9803245816587784
vid_000365_frame0000032.jpg,vid_000365,1,0.3333257469509872,-0.5501179280143079,-1.9666909099130383,0.3126391612200436,0.0721329590335303,7.924596050419324
vid_000168_frame0000007.jpg,vid_000168,1,0.3332674249234259,-0.6845713927912701,-2.114346964525232,0.3837887618010167,0.07224344578786274,7.418459526800833
vid_000362_frame0000016.jpg,vid_000362,0,0.3330548966699044,-1.513863438186446,-1.079855418961068,0.4304189058339385,0.06678038804921918,7.711974951998698
vid_000368_frame0000078.jpg,vid_000368,1,0.3328926671858951,-0.867591208908957,-1.1634641529288305,0.33549709513435,0.09743265692524049,7.990214183001888
vid_000345_frame0000011.jpg,vid_000345,1,0.3328148225241814,-0.7464830778650972,-1.6217276198567692,0.2825899903171145,0.08854951343553169,7.971514374006355
vid_000045_frame0000055.jpg,vid_000045,0,0.3326710668287235,-1.2455748278729128,-0.8843681784066779,0.2859224158799322,0.08986946013975065,7.986366332706109
vid_000024_frame0000024.jpg,vid_000024,0,0.3326686484113815,-1.3089547934752177,-0.8801234679500851,0.376784283466473,0.12256499519205909,7.874209185339188
vid_000342_frame0000265.jpg,vid_000342,0,0.3324046415628751,-1.3826509646689107,-0.5450637316557863,0.3073886165577342,0.10948387509094265,7.980344020007854
vid_000343_frame0000047.jpg,vid_000343,0,0.33238225338924354,-1.4638500786338748,-0.39822811222999505,0.32727856451222465,0.08928196114741463,7.9428817746131815
vid_000345_frame0000017.jpg,vid_000345,1,0.33215919044309367,-1.1037774903622999,-1.3075287993258609,0.3234163338174776,0.08317784363442357,7.941392681465423
vid_000027_frame0000049.jpg,vid_000027,0,0.3321376004077815,-1.5757406088229617,-0.557666695620431,0.42257507262164123,0.10292724703161886,7.7948790314680725
vid_000078_frame0000006.jpg,vid_000078,0,0.3320193384233649,-1.6066357005126652,-0.47931192719248333,0.38915214233841683,0.08176966035404105,7.78110815241627
vid_000082_frame0000006.jpg,vid_000082,0,0.331881193689584,-1.0618615288118582,-0.7513112813771265,0.3272617707576858,0.10495495005840436,7.981220318788776
vid_000083_frame0000004.jpg,vid_000083,1,0.3317002960526035,-0.7071048854180798,-1.8881562111114307,0.3333065843621399,0.07392194102130543,7.915574376515583
vid_000365_frame0000025.jpg,vid_000365,1,0.3315071591375839,-0.6376125785809393,-1.9430500935586488,0.32353746066327765,0.07285758884261477,7.90913820436428
vid_000042_frame0000009.jpg,vid_000042,0,0.3314980755961132,-1.4234540275212713,-0.5962920644483786,0.3269124001452433,0.09441002426004595,7.886088685164718
vid_000345_frame0000007.jpg,vid_000345,1,0.3314696772807092,-0.7105997929801158,-1.6534893327196147,0.2809227487291213,0.0887145377608242,7.973499055552866
vid_000002_frame0000017.jpg,vid_000002,1,0.331435403382159,-0.6706691560096996,-1.8821144183598733,0.3151049080125877,0.07158927662637818,7.883486339319196
vid_000319_frame0000008.jpg,vid_000319,1,0.3313718979586515,-1.219341491579166,-1.2906219401611365,0.3677288792060034,0.07681857244424195,7.854973597124311
vid_000046_frame0000006.jpg,vid_000046,1,0.3312690840203904,-1.024107516056787,-0.9943951541393637,0.3299781832486081,0.08424744858158789,7.900527321567688
vid_000082_frame0000026.jpg,vid_000082,0,0.33125559936553745,-1.0358764911756195,-0.5219047746181193,0.3195162490922295,0.11816323025375007,8.111646443168604
vid_000168_frame0000012.jpg,vid_000168,1,0.3311549666619266,-0.9424430107331994,-1.632488819089636,0.4495365226337449,0.09872584551135109,7.714929582705297
vid_000078_frame0000005.jpg,vid_000078,0,0.33087299848946045,-1.5887135682225526,-0.5520929699851769,0.40060390946502056,0.08607931262200393,7.7969571800241635
vid_000002_frame0000019.jpg,vid_000002,1,0.330865891137388,-0.675468729123264,-1.873800221179839,0.3204155470830307,0.07406706697397143,7.89464471697173
vid_000004_frame0000015.jpg,vid_000004,1,0.3307857528149307,-0.6780999306354941,-1.8574480543057783,0.3223702795933188,0.07245159315849185,7.910732017560497
vid_000539_frame0000062.jpg,vid_000539,1,0.3306851677662083,-0.6666462620186879,-1.3956412113456353,0.30067208303074316,0.10106711278210867,8.0392738186941
vid_000021_frame0000021.jpg,vid_000021,1,0.3305804750926626,-0.8871826512563953,-1.040167318433573,0.3239642338416848,0.11309786551983522,7.959776843678878
vid_000021_frame0000025.jpg,vid_000021,1,0.33040670268374744,-0.9439847915523388,-0.9924378651249104,0.32740368554829336,0.11328124818759375,7.947312971734544
vid_000004_frame0000013.jpg,vid_000004,1,0.33025636114209944,-0.6828504959384366,-1.8326903730290027,0.3237619523117889,0.07389553510510685,7.894851336547607
vid_000319_frame0000039.jpg,vid_000319,1,0.3301044172845512,-1.1567008207798717,-1.2374055286160406,0.35900529532800773,0.08000375379049682,8.04266243185722
vid_000004_frame0000018.jpg,vid_000004,1,0.3300716867934192,-0.6929228600222179,-1.8366016863973407,0.32724431130476883,0.07464654798311116,7.90913432221543
vid_000021_frame0000030.jpg,vid_000021,1,0.3300175407703029,-0.9315007808029311,-0.9599449395568332,0.3273248910675381,0.11404902477337434,7.958859049079052
vid_000003_frame0000001.jpg,vid_000003,1,0.32982799686358816,-0.68613833326205,-1.8517464279195588,0.3237637678528202,0.0734651467345545,7.909358507341978
vid_000539_frame0000069.jpg,vid_000539,1,0.32978629929486364,-0.6535899455754016,-1.4465326585242217,0.3039209634471073,0.1016854290257711,7.934929168824114
vid_000003_frame0000023.jpg,vid_000003,1,0.32966669244096475,-0.6683106726367769,-1.8417364518079218,0.3269744613894941,0.07548386768877838,7.886955707370653
vid_000045_frame0000045.jpg,vid_000045,0,0.32954845689733797,-1.4130520582771318,-0.5033939003868491,0.304271665456306,0.09664337797747345,7.937760125250882
vid_000026_frame0000010.jpg,vid_000026,1,0.329416515998599,-1.112209908768403,-1.1260926431762104,0.39547978697651903,0.12596470023643036,7.878188735534145
vid_000004_frame0000016.jpg,vid_000004,1,0.3293455833941504,-0.6903767497614448,-1.8585107933970109,0.32280313483418055,0.07270854706819876,7.893609679703523
vid_000038_frame0000015.jpg,vid_000038,1,0.3291912321555584,-1.2319122930878807,-1.1478709752667593,0.4187861595255386,0.10576137957717113,7.808759546156074
vid_000004_frame0000012.jpg,vid_000004,1,0.32916319596974425,-0.6818488158458937,-1.8252161349589289,0.32578425320745585,0.07466914101545431,7.912950654182725
vid_000343_frame0000007.jpg,vid_000343,0,0.3291244787150462,-1.2423164904729467,-0.7898522982763115,0.3005166727184701,0.0897947683060096,7.956534795521348
vid_000002_frame0000023.jpg,vid_000002,1,0.3291174991763577,-0.6855821785953846,-1.7774732117916918,0.3338445594287098,0.08690477551208527,7.91465391189366
vid_000362_frame0000029.jpg,vid_000362,1,0.32902423596614583,-1.0131562634872149,-1.566233288982713,0.3897827705156136,0.07476929646994572,7.765956964684045
vid_000083_frame0000042.jpg,vid_000083,1,0.3286377018947548,-0.7208437107173232,-1.7868181230225482,0.33053104575163395,0.07788097122045305,7.8832906371008304
vid_000343_frame0000026.jpg,vid_000343,0,0.32856886811598884,-1.385988904376423,-0.6530576938697586,0.342669632050351,0.09634057332773018,7.856324575879742
vid_000043_frame0000012.jpg,vid_000043,1,0.3280339277555124,-0.9418033273159009,-1.2930664587065042,0.32295612442507865,0.11121098842926502,8.00049037223535
vid_000024_frame0000015.jpg,vid_000024,1,0.32783466965022806,-1.0008682279596692,-1.2693544960825407,0.35196302348099734,0.11319332819648387,7.934632483518636
vid_000042_frame0000021.jpg,vid_000042,0,0.3277574342985283,-1.4443120040171775,-0.6200966034491108,0.33846910554345194,0.09470172042591424,7.903084672738754
vid_000042_frame0000017.jpg,vid_000042,0,0.3274464038371443,-1.3218107075153107,-0.8028608513382186,0.3229736141370128,0.09386602136666009,7.915847656258869
vid_000073_frame0000021.jpg,vid_000073,1,0.3273585589240813,-0.9556190865822156,-1.400011136369722,0.32142480634229004,0.07348273406384496,7.897877278642534
vid_000343_frame0000020.jpg,vid_000343,1,0.327108624678784,-1.1246772117362984,-1.1543319012567836,0.3092849794238683,0.08324740364123985,7.975891222029671
vid_000026_frame0000021.jpg,vid_000026,1,0.3267455244940257,-1.102067155213171,-1.0734163196415447,0.406585058097313,0.13466140468243623,7.814359706133342
vid_000078_frame0000003.jpg,vid_000078,1,0.32618928729738006,-1.2410330882079594,-1.1458570009637157,0.3562329339143065,0.08348970990959055,7.865450878644292
vid_000362_frame0000021.jpg,vid_000362,1,0.32595896060651247,-1.173990084237742,-1.4417269713414602,0.3924523420479303,0.06900124817908111,7.779167642661184
